source,target,CountOfattacktype1_txt
Adavali,Armed Assault,1
Adukkamparai,Assassination,1
Agarpara,Assassination,1
Agartala,Armed Assault,1
Agartala,Bombing/Explosion,1
Agra,Bombing/Explosion,1
Aheri,Armed Assault,1
Ahiapur,Hostage Taking (Barricade Incident),1
Aigejang,Armed Assault,1
Airkata,Bombing/Explosion,1
Aizawl,Bombing/Explosion,4
Ajgari,Bombing/Explosion,1
Ajmer,Bombing/Explosion,1
Akash Nagar,Armed Assault,1
Akhnoor,Armed Assault,1
Aldandi,Bombing/Explosion,1
Alipurduar,Bombing/Explosion,2
Allahabad,Bombing/Explosion,2
Alubaka,Facility/Infrastructure Attack,1
Amaluma,Hostage Taking (Kidnapping),1
Amarut,Armed Assault,1
Amas,Armed Assault,1
Ambabhona,Facility/Infrastructure Attack,1
Ambasaramunda,Bombing/Explosion,1
Ambatanr,Bombing/Explosion,1
Ambatikar,Armed Assault,1
Amkola,Assassination,1
Amrapara,Armed Assault,1
Amrapara,Bombing/Explosion,1
Amrui,Bombing/Explosion,1
Amuatikar,Armed Assault,1
Amuatikar,Bombing/Explosion,1
Anantnag,Armed Assault,3
Anantnag,Bombing/Explosion,5
Anantnag district,Armed Assault,1
Andro,Assassination,1
Andro,Bombing/Explosion,1
Ankadeli,Facility/Infrastructure Attack,1
Annasagaram,Facility/Infrastructure Attack,1
Antagarh,Bombing/Explosion,1
Arambagh,Bombing/Explosion,1
Araria,Bombing/Explosion,1
Arauri,Facility/Infrastructure Attack,1
Arengdo,Armed Assault,1
Arnia,Armed Assault,1
Aroli,Armed Assault,1
Arrah,Assassination,1
Arwani,Armed Assault,1
Asagoan,Armed Assault,1
Asansol,Armed Assault,1
Asansol,Bombing/Explosion,1
Asurabandha,Bombing/Explosion,1
Athiabari,Armed Assault,1
Aurangabad,Armed Assault,1
Aurangabad,Bombing/Explosion,8
Aurangabad,Facility/Infrastructure Attack,6
Aurangabad,Hostage Taking (Kidnapping),2
Aurangabad district,Armed Assault,1
Aurangabad district,Bombing/Explosion,4
Aurangabad district,Facility/Infrastructure Attack,1
Aurangabad district,Hostage Taking (Barricade Incident),1
Avaniyapuram,Armed Assault,1
Avarampalayam,Facility/Infrastructure Attack,1
Awang Khunnou Salang Sabal,Bombing/Explosion,1
Awang Wabagai,Bombing/Explosion,1
Awantipora,Armed Assault,4
Awantipora,Assassination,1
Awapalli,Armed Assault,1
Awapalli,Bombing/Explosion,1
Awek,Armed Assault,1
Awneera,Armed Assault,1
Ayatpur,Bombing/Explosion,1
Azad Gunj,Bombing/Explosion,1
Azadgunj,Bombing/Explosion,1
Bacheli,Armed Assault,1
Badapada,Assassination,1
Badarpanga,Bombing/Explosion,1
Badgund,Hostage Taking (Barricade Incident),1
Badildih,Hostage Taking (Kidnapping),1
Badiliguda,Hostage Taking (Kidnapping),2
Badlapur,Assassination,1
Badtunda,Armed Assault,1
Badural,Hostage Taking (Kidnapping),1
Bage Bar,Bombing/Explosion,1
Baghmara,Hostage Taking (Kidnapping),1
Baghmundi,Assassination,1
Bagli,Armed Assault,1
Bahraich,Facility/Infrastructure Attack,1
Bailadilla,Facility/Infrastructure Attack,1
Baipariguda,Hostage Taking (Kidnapping),1
Bajragada,Bombing/Explosion,1
Bakewar,Armed Assault,1
Baksa,Armed Assault,1
Baksa district,Hostage Taking (Kidnapping),1
Bakuliaghat,Bombing/Explosion,1
Bala,Bombing/Explosion,1
Balangir,Facility/Infrastructure Attack,1
Balapara,Armed Assault,1
Baleguda,Hostage Taking (Kidnapping),1
Baleshbahali,Facility/Infrastructure Attack,1
Balichanda,Facility/Infrastructure Attack,11
Balimela,Facility/Infrastructure Attack,1
Balimela,Hostage Taking (Kidnapping),1
Balipeta,Armed Assault,1
Balnoi,Bombing/Explosion,1
Balrampur,Armed Assault,1
Balthara village,Hostage Taking (Kidnapping),1
Balumath,Facility/Infrastructure Attack,1
Banasai,Armed Assault,1
Bande,Armed Assault,1
Bandgaon,Armed Assault,1
Bandgaon,Assassination,1
Bandhagaon,Armed Assault,1
Bandhugam,Bombing/Explosion,1
Bandhugaon,Armed Assault,2
Bandhugaon,Bombing/Explosion,1
Bandhugaon,Facility/Infrastructure Attack,1
Bandhugaon,Hostage Taking (Kidnapping),2
Bandipore,Armed Assault,2
Bandlapalli,Bombing/Explosion,1
Bandua,Hostage Taking (Kidnapping),1
Bandugan,Hostage Taking (Kidnapping),1
Bandugaon,Facility/Infrastructure Attack,1
Bandwan,Unarmed Assault,1
Bangalore,Bombing/Explosion,2
Banka,Armed Assault,2
Banka,Hostage Taking (Kidnapping),2
Banka,Unarmed Assault,1
Bankura,Armed Assault,4
Bankura,Facility/Infrastructure Attack,2
Bankura,Hostage Taking (Kidnapping),3
Bansamawe,Armed Assault,1
Banswara,Hostage Taking (Kidnapping),1
Bapanpalli,Hostage Taking (Kidnapping),1
Barabadha,Armed Assault,1
Barachatti,Bombing/Explosion,1
Baragada,Facility/Infrastructure Attack,1
Baramulla,Armed Assault,10
Baramulla,Bombing/Explosion,4
Baramulla district,Armed Assault,1
Barang,Hostage Taking (Kidnapping),1
Barari,Armed Assault,1
Bardhaman district,Assassination,1
Bargarh,Facility/Infrastructure Attack,1
Barhaula,Facility/Infrastructure Attack,1
Barhi,Assassination,1
Baridih,Bombing/Explosion,1
Barkot,Bombing/Explosion,2
Barobisha,Bombing/Explosion,1
Barpeta,Armed Assault,1
Barpeta,Bombing/Explosion,2
Barwadih,Bombing/Explosion,1
Basaguda,Armed Assault,1
Basaguda,Assassination,1
Bashirhat,Armed Assault,1
Baska,Armed Assault,1
Bastar,Armed Assault,2
Bastar,Bombing/Explosion,4
Bastar,Hostage Taking (Kidnapping),1
Bastar district,Armed Assault,1
Bastar district,Facility/Infrastructure Attack,4
Basuachak,Bombing/Explosion,1
Basugaon,Bombing/Explosion,1
Batabori,Bombing/Explosion,1
Batachipur,Armed Assault,1
Bataloka,Unarmed Assault,1
Batamaloo,Armed Assault,1
Batmaloo,Bombing/Explosion,1
Bayanar,Facility/Infrastructure Attack,1
Bedre,Armed Assault,1
Begundihi,Bombing/Explosion,1
Begusarai,Bombing/Explosion,1
Beheraguda,Facility/Infrastructure Attack,1
Behiang,Bombing/Explosion,2
Bejangiwada,Hostage Taking (Kidnapping),1
Beleswar,Bombing/Explosion,1
Belgaon,Armed Assault,1
Beliabera,Armed Assault,1
Belpahari,Armed Assault,1
Belpahari,Unarmed Assault,1
Bemina,Armed Assault,1
Bemina,Bombing/Explosion,1
Bengaluru,Bombing/Explosion,1
Bengenakhowa,Bombing/Explosion,1
Bengtol,Hostage Taking (Kidnapping),1
Berhampur,Bombing/Explosion,1
Betagaon,Hostage Taking (Kidnapping),1
Betul,Assassination,1
Bhadrachalam,Facility/Infrastructure Attack,1
Bhagalpur,Bombing/Explosion,2
Bhagalpur,Hostage Taking (Kidnapping),1
Bhagalpur district,Bombing/Explosion,2
Bhalukjhora,Armed Assault,1
Bhamragad,Bombing/Explosion,1
Bhamragarh,Armed Assault,1
Bhanga,Assassination,1
Bhanjanagar,Bombing/Explosion,1
Bhanpuri,Bombing/Explosion,1
Bhansi,Bombing/Explosion,1
Bharathinagar,Facility/Infrastructure Attack,1
Bharuamunda,Hostage Taking (Kidnapping),1
Bhashikhong,Bombing/Explosion,1
Bhatiapar,Bombing/Explosion,1
Bhatpar,Armed Assault,1
Bhejangiwada,Bombing/Explosion,1
Bhendatungri,Armed Assault,1
Bhitia,Bombing/Explosion,1
Bhojo,Bombing/Explosion,1
Bhopal,Armed Assault,1
Bhowraguri,Armed Assault,1
Bhubaneswar,Bombing/Explosion,1
Bhubanpalli,Armed Assault,1
Bhuliabandh,Armed Assault,1
Bhulsumia,Bombing/Explosion,1
Bigha,Bombing/Explosion,8
Bijapur,Armed Assault,12
Bijapur,Assassination,3
Bijapur,Bombing/Explosion,8
Bijapur,Facility/Infrastructure Attack,2
Bijapur,Hijacking,1
Bijapur,Hostage Taking (Barricade Incident),1
Bijapur,Hostage Taking (Kidnapping),11
Bijapur district,Armed Assault,8
Bijapur district,Bombing/Explosion,5
Bijapur district,Hostage Taking (Kidnapping),2
Bijbehara,Armed Assault,1
Bijbehara,Bombing/Explosion,4
Bijehara,Bombing/Explosion,1
Bijepar,Armed Assault,1
Bijni,Bombing/Explosion,4
Bijni,Hostage Taking (Kidnapping),1
Bikrampur,Assassination,1
Biliguda,Armed Assault,1
Binihal and Qazigund,Bombing/Explosion,1
Birbhum,Assassination,1
Birbhum district,Bombing/Explosion,1
Bishenpur,Bombing/Explosion,9
Bishenpur,Facility/Infrastructure Attack,1
Bishenpur district,Bombing/Explosion,1
Bishnupur,Armed Assault,1
Bishnupur,Bombing/Explosion,1
Bishnupur,Facility/Infrastructure Attack,1
Bishnupur,Hostage Taking (Kidnapping),2
Bishuram Basti,Hostage Taking (Kidnapping),1
Bitkilsoya,Bombing/Explosion,1
Bochahan,Armed Assault,1
Bodai,Bombing/Explosion,1
Bodari,Bombing/Explosion,1
Bodh Gaya,Bombing/Explosion,6
Bodhrajpada,Bombing/Explosion,1
Bodocheka,Facility/Infrastructure Attack,2
Bogul,Assassination,1
Bojhait,Bombing/Explosion,1
Bokajan,Bombing/Explosion,1
Bokaro,Armed Assault,2
Bokaro,Bombing/Explosion,9
Bokaro,Hostage Taking (Kidnapping),3
Bokaro district,Armed Assault,1
Bokaro district,Bombing/Explosion,4
Bokkingre,Facility/Infrastructure Attack,2
Bokob,Armed Assault,1
Bokojan,Armed Assault,1
Boldak Ading,Hostage Taking (Kidnapping),1
Bollonggre Apal,Armed Assault,1
Bomia,Assassination,1
Boncherra,Facility/Infrastructure Attack,1
Bongaigaon,Bombing/Explosion,5
Bongaigaon,Hostage Taking (Kidnapping),2
Bongaigaon district,Bombing/Explosion,1
Bongyang,Bombing/Explosion,1
Bordumsa,Bombing/Explosion,2
Bouserkuti,Armed Assault,1
Budgam,Armed Assault,2
Budhaniya,Hostage Taking (Kidnapping),1
Budhauli,Armed Assault,1
Bulandshar,Assassination,1
Burkapal,Armed Assault,1
Buxar,Facility/Infrastructure Attack,1
Calicut (kozhikode),Bombing/Explosion,1
Calicut (kozhikode),Facility/Infrastructure Attack,1
Chadoora,Armed Assault,1
Chainpur,Armed Assault,2
Chairen,Bombing/Explosion,1
Chak Mangu,Bombing/Explosion,1
Chandel,Armed Assault,3
Chandel,Bombing/Explosion,2
Chandel district,Bombing/Explosion,2
Chandel district,Hostage Taking (Kidnapping),1
Chandigarh,Armed Assault,1
Chandil,Armed Assault,1
Chandra Nagar,Facility/Infrastructure Attack,2
Chandrapura,Bombing/Explosion,1
Chandwa,Bombing/Explosion,1
Changangei,Assassination,1
Changangei,Bombing/Explosion,1
Channapora Bridge,Bombing/Explosion,1
Chapagedda,Bombing/Explosion,3
Chapaguri,Bombing/Explosion,1
Charduar,Hostage Taking (Kidnapping),1
Chargi,Bombing/Explosion,1
Chasang,Hostage Taking (Kidnapping),1
Chasingre,Armed Assault,2
Chatargach,Bombing/Explosion,1
Chatra,Armed Assault,5
Chatra,Bombing/Explosion,6
Chatra,Facility/Infrastructure Attack,6
Chatra,Hostage Taking (Kidnapping),2
Chatra district,Bombing/Explosion,2
Chatra district,Facility/Infrastructure Attack,1
Chauliaganj,Bombing/Explosion,1
Chawmanu,Hostage Taking (Kidnapping),1
Chegro,Bombing/Explosion,1
Chennai,Armed Assault,1
Chennai,Assassination,1
Chennai,Bombing/Explosion,2
Chennai,Facility/Infrastructure Attack,2
Cherthala,Bombing/Explosion,1
Chetag,Bombing/Explosion,1
Chhapra,Bombing/Explosion,1
Chhota Nagra,Armed Assault,1
Chibinang,Hostage Taking (Kidnapping),1
Chidabaram,Bombing/Explosion,1
Chigitchakgre,Armed Assault,1
Chilpara,Armed Assault,1
Chindgarh,Bombing/Explosion,1
Chindpal,Bombing/Explosion,1
Chingai,Hostage Taking (Kidnapping),1
Chinglangmei,Hostage Taking (Kidnapping),1
Chingmeirong,Bombing/Explosion,1
Chintagufa,Armed Assault,4
Chintalnar,Bombing/Explosion,1
Chintanwada,Hostage Taking (Kidnapping),1
Chintapalle,Bombing/Explosion,1
Chintapalle,Hostage Taking (Kidnapping),1
Chirakhuti,Bombing/Explosion,1
Chirang,Armed Assault,1
Chirang,Bombing/Explosion,1
Chirang,Hostage Taking (Kidnapping),1
Chirang district,Armed Assault,2
Chirang district,Bombing/Explosion,1
Chirang district,Hostage Taking (Kidnapping),3
Chiringpara,Hostage Taking (Kidnapping),1
Chiripar,Bombing/Explosion,1
Chirodih,Armed Assault,1
Chitrakonda,Armed Assault,1
Chittarpur,Bombing/Explosion,1
Chokpot,Armed Assault,3
Chokpot,Bombing/Explosion,2
Chokpot,Hostage Taking (Kidnapping),1
Chola,Assassination,1
Chota Baghara,Bombing/Explosion,1
Chuku,Hostage Taking (Kidnapping),1
Chulabhat,Facility/Infrastructure Attack,1
Chunar,Bombing/Explosion,1
Churachandpur,Armed Assault,2
Churachandpur,Bombing/Explosion,1
Churachandpur district,Armed Assault,1
Churachandpur district,Bombing/Explosion,2
Churanchandpur,Hostage Taking (Kidnapping),1
Chushul,Bombing/Explosion,1
Cone village,Bombing/Explosion,1
Cuttack,Bombing/Explosion,2
Dabinggre,Armed Assault,1
Dabnahi,Bombing/Explosion,2
Dabra,Assassination,1
Dadenggre,Hostage Taking (Kidnapping),1
Dadengre,Armed Assault,1
Dadigutu,Armed Assault,1
Dadsara,Armed Assault,1
Dainadubi,Bombing/Explosion,2
Daitari,Bombing/Explosion,1
Dalagra,Bombing/Explosion,1
Daldalkuhi,Hostage Taking (Kidnapping),1
Dalgaon,Bombing/Explosion,1
Daliam,Bombing/Explosion,1
Dalu,Hostage Taking (Kidnapping),1
Damanjodi,Armed Assault,1
Damanjodi,Assassination,1
Dambuk Aga,Hostage Taking (Kidnapping),1
Damparengpui,Hostage Taking (Kidnapping),1
Damra,Bombing/Explosion,1
Danapur,Bombing/Explosion,1
Dangia,Armed Assault,1
Dantewada,Armed Assault,27
Dantewada,Assassination,2
Dantewada,Bombing/Explosion,16
Dantewada,Facility/Infrastructure Attack,10
Dantewada,Hostage Taking (Kidnapping),1
Dantewada district,Armed Assault,1
Dantewada district,Bombing/Explosion,4
Dantewada district,Facility/Infrastructure Attack,5
Dantewara,Bombing/Explosion,1
Dantewara,Hostage Taking (Kidnapping),1
Darabhaguda,Bombing/Explosion,1
Darbha,Armed Assault,1
Darbha,Assassination,1
Darbhanga,Hostage Taking (Kidnapping),1
Dariapur,Bombing/Explosion,1
Darimgre,Armed Assault,1
Daringbadi,Hostage Taking (Kidnapping),1
Darpora,Armed Assault,1
Dasanapura,Assassination,1
Dasini,Hostage Taking (Kidnapping),1
Dasmantpur,Armed Assault,1
Daundih,Bombing/Explosion,1
Delhi,Assassination,1
Dema,Bombing/Explosion,2
Deoghar,Bombing/Explosion,1
Deomali,Hostage Taking (Kidnapping),1
Devapur-Khoripakar Ghat,Bombing/Explosion,1
Dhabatar,Hostage Taking (Kidnapping),1
Dhalai,Hostage Taking (Kidnapping),1
Dhalai district,Armed Assault,1
Dhalai district,Bombing/Explosion,2
Dhalai district,Hostage Taking (Kidnapping),4
Dhalbhumgarh,Armed Assault,1
Dhanbad,Bombing/Explosion,1
Dhanbad,Hostage Taking (Kidnapping),1
Dhanbad district,Facility/Infrastructure Attack,1
Dhangai,Facility/Infrastructure Attack,1
Dhanora,Armed Assault,3
Dhanora,Bombing/Explosion,2
Dharambandha,Bombing/Explosion,2
Dharmapuri,Bombing/Explosion,1
Dhekiajuli,Armed Assault,1
Dhekiajuli,Bombing/Explosion,2
Dhemaji,Bombing/Explosion,1
Dhubri,Armed Assault,1
Dhubri,Bombing/Explosion,4
Dhurki,Armed Assault,1
Dhurli,Assassination,1
Dibrugarh,Bombing/Explosion,3
Dibrugarh,Facility/Infrastructure Attack,1
Digboi,Bombing/Explosion,2
Dikadla,Assassination,1
Dima Hasao,Bombing/Explosion,3
Dima Hasao district,Hostage Taking (Kidnapping),1
Dimalgaon,Bombing/Explosion,1
Dimapur,Armed Assault,1
Dimapur,Bombing/Explosion,5
Dimapur,Hostage Taking (Kidnapping),1
Dimapur district,Hostage Taking (Kidnapping),1
Dingdinga,Hostage Taking (Kidnapping),1
Diphu,Armed Assault,1
Diphu,Hostage Taking (Kidnapping),1
Doda,Bombing/Explosion,1
Dogri Pora,Armed Assault,2
Dokasaram,Hostage Taking (Kidnapping),1
Dolaithabi,Hostage Taking (Kidnapping),1
Doom Dooma,Bombing/Explosion,2
Dornapal,Armed Assault,1
Dornapal,Bombing/Explosion,1
Drugmulla,Armed Assault,1
Duarmara,Armed Assault,1
Dudhnoi,Bombing/Explosion,4
Dudhnoi,Hostage Taking (Kidnapping),1
Duleena,Armed Assault,1
Dumagon,Bombing/Explosion,1
Dumaria,Bombing/Explosion,3
Dumka,Armed Assault,2
Dumka district,Armed Assault,1
Dwimaguri,Hostage Taking (Kidnapping),1
East Champaran,Armed Assault,4
East Champaran,Bombing/Explosion,1
East Champaran,Facility/Infrastructure Attack,2
East Garo Hills,Armed Assault,6
East Garo Hills,Bombing/Explosion,2
East Garo Hills,Hostage Taking (Kidnapping),3
East Garo Hills,Unarmed Assault,1
East Garo Hills district,Armed Assault,2
East Garo Hills district,Assassination,1
East Garo Hills district,Bombing/Explosion,1
East Garo Hills district,Facility/Infrastructure Attack,1
East Godavari district,Hostage Taking (Kidnapping),1
East singhbhum,Armed Assault,9
East singhbhum,Bombing/Explosion,3
East singhbhum,Facility/Infrastructure Attack,1
East singhbhum,Hostage Taking (Kidnapping),1
Edenbari,Armed Assault,1
Ekara,Bombing/Explosion,1
Etapalli,Armed Assault,1
Etapalli,Bombing/Explosion,1
Faileng,Hostage Taking (Kidnapping),1
Fakiragram,Bombing/Explosion,1
Faraspal,Assassination,1
Faraspal,Bombing/Explosion,1
Fukrogora,Bombing/Explosion,1
Gadchirol,Armed Assault,1
Gadchirol,Assassination,1
Gadchirol,Bombing/Explosion,2
Gadchiroli,Armed Assault,20
Gadchiroli,Assassination,1
Gadchiroli,Bombing/Explosion,9
Gadchiroli,Facility/Infrastructure Attack,6
Gadchiroli,Hostage Taking (Kidnapping),12
Gadchiroli district,Armed Assault,3
Gadchiroli district,Assassination,2
Gadchiroli district,Bombing/Explosion,1
Gadiras,Facility/Infrastructure Attack,1
Gadtoli,Facility/Infrastructure Attack,1
Gaffabal,Armed Assault,1
Gaghra,Armed Assault,1
Gagran,Armed Assault,1
Gaighat,Facility/Infrastructure Attack,1
Gajalbadi,Facility/Infrastructure Attack,1
Gajapati,Armed Assault,2
Gajapati,Bombing/Explosion,1
Gajapati,Facility/Infrastructure Attack,3
Gajol,Bombing/Explosion,1
Gajole,Bombing/Explosion,1
Galandar Pampore,Armed Assault,1
Galudih,Bombing/Explosion,1
Gambhira Ghat,Bombing/Explosion,1
Gamharia,Bombing/Explosion,1
Gandachera,Armed Assault,1
Gandachera,Hostage Taking (Kidnapping),1
Gandacherra,Hostage Taking (Kidnapping),1
Gandiwani,Bombing/Explosion,1
Gangaloor,Bombing/Explosion,1
Gangalur,Armed Assault,1
Gangapur,Assassination,1
Ganjam,Armed Assault,1
ganjam,Bombing/Explosion,1
ganjam,Facility/Infrastructure Attack,1
Ganjemar,Bombing/Explosion,1
Gannavaram,Facility/Infrastructure Attack,1
Garampani,Bombing/Explosion,1
Gardewada,Assassination,1
Garhwa,Armed Assault,1
Garhwa,Bombing/Explosion,1
Garhwa,Facility/Infrastructure Attack,2
Garhwa,Hostage Taking (Kidnapping),1
Garo Hills,Armed Assault,2
Garo Hills district,Armed Assault,1
Garo Hills district,Bombing/Explosion,1
Garobadha,Armed Assault,1
Garwah,Armed Assault,3
Garwah,Bombing/Explosion,1
Garwah,Hostage Taking (Kidnapping),2
Gasbari,Bombing/Explosion,1
Gasuapara,Armed Assault,1
Gasuapara,Hostage Taking (Kidnapping),4
Gasupara,Hostage Taking (Kidnapping),1
Gatibeda,Hostage Taking (Kidnapping),1
Gauripur,Bombing/Explosion,1
Gaurnagar,Bombing/Explosion,1
Gaya,Armed Assault,4
Gaya,Bombing/Explosion,17
Gaya,Facility/Infrastructure Attack,16
Gaya,Hostage Taking (Kidnapping),10
Gaya,Unarmed Assault,1
Gaya district,Bombing/Explosion,3
Gaya district,Facility/Infrastructure Attack,1
Gaya district,Hostage Taking (Kidnapping),1
Gazole,Bombing/Explosion,1
Geedam,Bombing/Explosion,1
Geet,Bombing/Explosion,1
Gelmol,Bombing/Explosion,1
Gendabari,Armed Assault,1
Ghagara,Bombing/Explosion,1
Ghaghra,Hostage Taking (Kidnapping),1
Ghagwal,Bombing/Explosion,1
Ghari,Bombing/Explosion,1
Ghatbera,Hostage Taking (Kidnapping),1
Ghatshila,Bombing/Explosion,1
Ghatshila,Facility/Infrastructure Attack,1
Ghorparan,Hostage Taking (Kidnapping),1
Ghumra,Armed Assault,1
Giridh,Bombing/Explosion,1
Giridih,Armed Assault,4
Giridih,Bombing/Explosion,4
Giridih,Facility/Infrastructure Attack,1
Giridih,Hostage Taking (Kidnapping),1
Giridih district,Assassination,1
Giridih district,Bombing/Explosion,5
Goabari,Bombing/Explosion,1
Goalpara,Bombing/Explosion,7
Goalpara district,Bombing/Explosion,3
Goalpara district,Facility/Infrastructure Attack,5
Goaltore,Armed Assault,1
Goda,Bombing/Explosion,1
Godda,Bombing/Explosion,1
Goera Rongat,Armed Assault,2
Goh,Armed Assault,1
Goh,Bombing/Explosion,1
Goilkera,Facility/Infrastructure Attack,1
Golaghat,Bombing/Explosion,1
Golaghat,Hostage Taking (Kidnapping),2
Golaghat district,Facility/Infrastructure Attack,5
Golaghat district,Hostage Taking (Kidnapping),3
Golawand,Armed Assault,1
Gomati district,Hostage Taking (Kidnapping),1
Gomia,Armed Assault,1
Gomia,Bombing/Explosion,1
Gonda,Bombing/Explosion,1
Gondia,Armed Assault,1
Gondia,Facility/Infrastructure Attack,1
Goreswar,Armed Assault,1
Goreswar,Bombing/Explosion,2
Goripora,Assassination,1
Gorna,Armed Assault,1
Gossaigaon,Bombing/Explosion,2
Grahampur Bazar,Armed Assault,1
Greater Noida,Assassination,1
Grihang,Bombing/Explosion,1
Gudabeda,Bombing/Explosion,1
Gulab Bagh,Armed Assault,1
Gulab Singh Bowli,Bombing/Explosion,1
Gulalkandi,Assassination,1
Gulmarg,Armed Assault,1
Gulzarpora,Assassination,1
Gumia,Bombing/Explosion,1
Gumia,Unarmed Assault,1
Gumla,Armed Assault,7
Gumla,Bombing/Explosion,2
Gumla,Facility/Infrastructure Attack,3
Gumla,Hostage Taking (Kidnapping),2
Gumla district,Armed Assault,1
Gumla district,Facility/Infrastructure Attack,1
Gundahur,Bombing/Explosion,1
Gundijora,Bombing/Explosion,1
Guraru,Bombing/Explosion,1
Gurpa,Bombing/Explosion,1
Guwahati,Armed Assault,1
Guwahati,Bombing/Explosion,9
Gyarapatti,Armed Assault,1
Hadmamund,Bombing/Explosion,1
Haflong,Armed Assault,2
Haflong,Bombing/Explosion,4
Hahesarhi,Facility/Infrastructure Attack,1
Hailabandi,Hostage Taking (Kidnapping),1
Hailakandi,Bombing/Explosion,1
Hailakandi,Hostage Taking (Kidnapping),3
Hailakandi district,Hostage Taking (Kidnapping),1
Hakajang,Hostage Taking (Kidnapping),1
Hakripora,Assassination,1
Handwara,Armed Assault,3
Handwara,Bombing/Explosion,1
Handwara,Hostage Taking (Kidnapping),1
Hanumantpur,Hostage Taking (Kidnapping),1
Haollephai,Bombing/Explosion,1
Haoreibi,Bombing/Explosion,1
Hardshiva,Assassination,1
Hariharganj,Armed Assault,1
Harkhui,Bombing/Explosion,1
Harta,Assassination,1
Hatikhali,Hostage Taking (Kidnapping),1
Hazaribag,Armed Assault,3
Hazaribag,Bombing/Explosion,1
Hazaribag,Facility/Infrastructure Attack,3
Hazaribag district,Hostage Taking (Kidnapping),1
Hazaribagh,Hostage Taking (Kidnapping),1
Hedri,Armed Assault,1
Hehranj,Bombing/Explosion,1
Heingang,Bombing/Explosion,1
Heirok,Bombing/Explosion,1
Heirok Part I,Bombing/Explosion,1
Hensala,Hostage Taking (Kidnapping),1
Hesakocha,Hostage Taking (Kidnapping),1
Hesatu,Facility/Infrastructure Attack,1
Hiangtam,Bombing/Explosion,1
Hojai,Hostage Taking (Kidnapping),1
Howrah,Bombing/Explosion,3
Hundwara district,Armed Assault,1
Hunterganj,Bombing/Explosion,1
Hussaina Raghav,Bombing/Explosion,1
Hussainabad,Assassination,1
Hyderabad,Armed Assault,2
Hyderabad,Bombing/Explosion,3
Hyderpora,Armed Assault,1
Hyderpora,Bombing/Explosion,1
Hygam,Armed Assault,1
Idinthakarai,Bombing/Explosion,1
Imam Sahib,Armed Assault,1
Imam Sahib,Bombing/Explosion,1
Impahal,Bombing/Explosion,1
Imphal,Armed Assault,13
Imphal,Assassination,4
Imphal,Bombing/Explosion,151
Imphal,Facility/Infrastructure Attack,4
Imphal,Hijacking,1
Imphal,Hostage Taking (Kidnapping),5
Imphal East,Bombing/Explosion,12
Imphal West,Armed Assault,1
Imphal West,Bombing/Explosion,9
Imphal West district,Armed Assault,1
Imphal West district,Bombing/Explosion,3
Impui Basti,Bombing/Explosion,1
Ishuapur,Armed Assault,1
Itakhola,Bombing/Explosion,1
Itanagar,Assassination,1
Itanagar,Hostage Taking (Kidnapping),1
Itkhori,Armed Assault,1
Jabalpur,Facility/Infrastructure Attack,1
Jadarhaat,Bombing/Explosion,1
Jadogre,Hostage Taking (Kidnapping),1
Jaggaiahpet,Bombing/Explosion,1
Jagun,Armed Assault,1
Jaishidhi,Hostage Taking (Kidnapping),1
Jajpur,Bombing/Explosion,1
Jajpur,Facility/Infrastructure Attack,1
Jaksongram,Assassination,1
Jalandhar,Bombing/Explosion,1
Jaleshwar,Bombing/Explosion,2
Jalpaiguri,Bombing/Explosion,1
Jalukbari,Bombing/Explosion,2
Jamalpur,Hostage Taking (Kidnapping),1
Jambulghata,Hostage Taking (Kidnapping),1
Jammu,Bombing/Explosion,1
Jamnijara,Bombing/Explosion,1
Jamtara,Armed Assault,1
Jamui,Armed Assault,7
Jamui,Bombing/Explosion,14
Jamui,Facility/Infrastructure Attack,8
Jamui,Hostage Taking (Kidnapping),4
Jamui district,Bombing/Explosion,3
Jamui district,Facility/Infrastructure Attack,1
Jamuria,Bombing/Explosion,1
Janbazpora,Bombing/Explosion,1
Jangrapara,Hostage Taking (Kidnapping),1
Janiguda,Bombing/Explosion,1
Jaram,Facility/Infrastructure Attack,1
Jaranga,Bombing/Explosion,1
Jehanabad,Bombing/Explosion,1
Jehanabad,Facility/Infrastructure Attack,2
Jekabari,Hostage Taking (Kidnapping),1
Jemini,Facility/Infrastructure Attack,1
Jeypore,Bombing/Explosion,1
Jhara,Armed Assault,1
Jhargram,Armed Assault,1
Jhargram,Bombing/Explosion,1
Jhiliguda,Assassination,1
Jholaro,Hostage Taking (Kidnapping),1
Jhoukhonom,Armed Assault,1
Jimalgatta,Hostage Taking (Barricade Incident),1
Jiribam,Bombing/Explosion,1
Jiribam,Hostage Taking (Kidnapping),1
Jisugittam,Bombing/Explosion,1
Jiyanpur,Assassination,1
Jodamba,Facility/Infrastructure Attack,1
Jorhat,Bombing/Explosion,2
Jugasaipatna,Facility/Infrastructure Attack,1
Kachurthal,Bombing/Explosion,1
Kadalbal,Armed Assault,1
Kadhaikhodra,Bombing/Explosion,1
Kadrukhuta,Bombing/Explosion,1
Kaimur,Armed Assault,1
Kaimur,Bombing/Explosion,4
Kajishah,Bombing/Explosion,1
Kakapora,Armed Assault,2
Kakkanad,Bombing/Explosion,1
Kakopathar,Bombing/Explosion,1
Kalachand,Hostage Taking (Kidnapping),1
Kalamabad,Bombing/Explosion,1
Kalantra,Armed Assault,1
Kalia Atal,Bombing/Explosion,1
Kalia Attala,Facility/Infrastructure Attack,1
Kaliachak,Armed Assault,1
Kaliachak,Bombing/Explosion,2
Kalimela,Armed Assault,4
Kalimela,Bombing/Explosion,3
Kalimela,Hostage Taking (Kidnapping),2
Kalimunda,Facility/Infrastructure Attack,1
Kaller,Hostage Taking (Kidnapping),1
Kalyan Nagar,Armed Assault,1
Kalyan Nagar,Assassination,1
Kalyansinghpur,Bombing/Explosion,1
Kamakhya,Bombing/Explosion,1
Kamanar,Bombing/Explosion,1
Kambesu,Facility/Infrastructure Attack,1
Kambiron,Bombing/Explosion,3
Kamjong,Armed Assault,2
Kamlapur,Bombing/Explosion,1
Kamlapur,Hostage Taking (Kidnapping),1
Kampumanapakala,Hostage Taking (Kidnapping),1
Kamshet,Assassination,1
Kamu Maring,Bombing/Explosion,1
Kanaguda,Bombing/Explosion,1
Kandhamal,Armed Assault,2
Kandhamal,Bombing/Explosion,1
Kandhamal,Facility/Infrastructure Attack,2
Kandhamal,Hostage Taking (Kidnapping),1
Kandhamal district,Bombing/Explosion,1
Kandhamal district,Hostage Taking (Kidnapping),1
Kanga Gali,Bombing/Explosion,2
Kanglatonbi,Hostage Taking (Kidnapping),1
Kanglatongbi,Hostage Taking (Kidnapping),1
Kangpokpi,Armed Assault,1
Kangvai,Bombing/Explosion,1
Kaniyaaluka,Bombing/Explosion,1
Kankapal,Bombing/Explosion,1
Kanker,Armed Assault,4
Kanker,Bombing/Explosion,1
Kanker,Facility/Infrastructure Attack,2
Kanker district,Armed Assault,2
Kanker district,Bombing/Explosion,7
Kannur,Bombing/Explosion,1
Kannur district,Bombing/Explosion,1
Kanpur,Bombing/Explosion,1
Kantanagre,Hostage Taking (Kidnapping),1
Kapoorkukri,Assassination,1
Karanjuguda,Hostage Taking (Kidnapping),1
Karbi Anglong,Armed Assault,6
Karbi Anglong,Hostage Taking (Kidnapping),1
Karbi Anglong district,Armed Assault,1
Karbi Anglong district,Hostage Taking (Kidnapping),1
Karbindha,Facility/Infrastructure Attack,2
Kareili,Bombing/Explosion,1
Karigaon,Hostage Taking (Kidnapping),1
Karimati,Facility/Infrastructure Attack,1
Karimganj,Armed Assault,1
Karimnagar,Armed Assault,1
Karimnagar,Hostage Taking (Kidnapping),2
Karkel,Assassination,1
Karli,Facility/Infrastructure Attack,1
Karramal,Hostage Taking (Kidnapping),1
Karsing,Bombing/Explosion,1
Kasba,Armed Assault,1
Kasiabeda,Bombing/Explosion,1
Kasom Khullen,Bombing/Explosion,1
Kasthiniya,Hostage Taking (Kidnapping),1
Kathikund,Armed Assault,1
Kathikund,Bombing/Explosion,1
Kathua,Armed Assault,1
Kathua,Hijacking,1
Kathua district,Hijacking,1
Katihar,Armed Assault,1
Katihar district,Bombing/Explosion,1
Katlang,Bombing/Explosion,1
Kattakonda,Armed Assault,1
Kaurgaon,Hostage Taking (Kidnapping),1
Kawad,Assassination,1
Kaziranga National Park,Armed Assault,1
Kechala,Hostage Taking (Kidnapping),1
Keimei,Armed Assault,1
Keishamthong,Bombing/Explosion,1
Kendukona,Bombing/Explosion,1
Keonjhar,Armed Assault,1
Keonjhar,Bombing/Explosion,2
Keonjhar,Facility/Infrastructure Attack,1
Keonjhar,Hostage Taking (Kidnapping),2
Keonjhar district,Bombing/Explosion,1
Keran,Armed Assault,1
Keshkal,Armed Assault,1
Khadgaon,Bombing/Explosion,1
Khagaria,Bombing/Explosion,1
Khaira,Armed Assault,1
Khaira,Facility/Infrastructure Attack,1
Khairaput,Armed Assault,1
Khairiput,Armed Assault,1
Khammam,Armed Assault,7
Khammam,Bombing/Explosion,1
Khammam,Facility/Infrastructure Attack,5
Khammam,Hostage Taking (Kidnapping),2
Khammam district,Armed Assault,1
Khammam district,Bombing/Explosion,1
Khan Nagar,Armed Assault,1
Khandbari,Bombing/Explosion,1
Khangabok,Bombing/Explosion,2
Khantlang,Armed Assault,1
Khariaguda,Armed Assault,1
Kharjan,Bombing/Explosion,1
Kharkutta,Hostage Taking (Kidnapping),1
Kharprakhol,Facility/Infrastructure Attack,3
Khehoyi,Hostage Taking (Kidnapping),1
Khengjang,Bombing/Explosion,1
Kheroni,Bombing/Explosion,1
Khoaani,Armed Assault,1
Khoibu,Bombing/Explosion,1
Khonghampat,Bombing/Explosion,1
Khongjom,Bombing/Explosion,1
Khongman,Bombing/Explosion,1
Khonthoujam,Bombing/Explosion,1
Khoupum,Hostage Taking (Kidnapping),1
Khour,Bombing/Explosion,2
Khrew,Armed Assault,1
Khudengthabi,Bombing/Explosion,3
Khudwani,Armed Assault,1
Khumbong,Assassination,1
Khumbong,Bombing/Explosion,2
Khumbong Joypur Khul,Bombing/Explosion,1
Khumriyal,Bombing/Explosion,1
Khunti,Armed Assault,13
Khunti,Assassination,1
Khunti,Bombing/Explosion,1
Khunti,Hostage Taking (Kidnapping),3
Khunti,Unarmed Assault,2
Khunti district,Armed Assault,2
Khunti district,Assassination,1
Khunti district,Bombing/Explosion,1
Khurai,Bombing/Explosion,1
Khuripani,Armed Assault,1
Killamkota,Hostage Taking (Kidnapping),1
Kinatintavida,Bombing/Explosion,1
Kirandul,Armed Assault,1
Kirandul,Bombing/Explosion,1
Kirandul,Facility/Infrastructure Attack,1
Kirandul,Hostage Taking (Barricade Incident),1
Kiriburu,Bombing/Explosion,1
Kirwala,Bombing/Explosion,1
Kishanganj district,Bombing/Explosion,1
Kishtapur,Hostage Taking (Kidnapping),1
Kishtwar,Armed Assault,1
Kishtwar,Bombing/Explosion,1
Kishtwar,Hostage Taking (Kidnapping),3
Kiyam Siphai,Bombing/Explosion,1
Kohima,Assassination,1
Kohka Meta,Bombing/Explosion,1
Koide,Bombing/Explosion,1
Koil,Armed Assault,2
Koilamati,Armed Assault,1
Koila-Moila,Bombing/Explosion,2
Koilibeda,Bombing/Explosion,1
Koirengei,Assassination,1
Koirengei,Bombing/Explosion,2
Kokrajhar,Armed Assault,5
Kokrajhar,Bombing/Explosion,3
Kokrajhar,Facility/Infrastructure Attack,2
Kokrajhar,Hostage Taking (Kidnapping),2
Kokrajhar district,Bombing/Explosion,2
Kolkata,Bombing/Explosion,4
Kolkata (calcutta),Bombing/Explosion,1
Komkang,Armed Assault,1
Kommanapalli,Armed Assault,1
Kondagaon,Armed Assault,1
Kondagaon,Bombing/Explosion,1
Kondagaon district,Bombing/Explosion,2
Kondapur,Bombing/Explosion,1
Kongkan,Armed Assault,1
Konkan,Armed Assault,1
Koothuparamba,Armed Assault,1
Kopara,Hostage Taking (Kidnapping),1
Koraput,Armed Assault,11
Koraput,Assassination,2
Koraput,Bombing/Explosion,15
Koraput,Facility/Infrastructure Attack,3
Koraput,Hostage Taking (Kidnapping),9
Koraput district,Armed Assault,1
Koraput district,Facility/Infrastructure Attack,1
Koraput district,Hostage Taking (Kidnapping),1
Korbok,Hostage Taking (Kidnapping),1
Koreingei,Bombing/Explosion,1
Kosi Kalan,Bombing/Explosion,4
Koski Nengsat,Armed Assault,1
Kotagad,Bombing/Explosion,1
Kothi,Armed Assault,1
Kothi,Bombing/Explosion,1
Kothilwa,Bombing/Explosion,1
Kotma,Bombing/Explosion,1
Kotmara,Unarmed Assault,1
Kottamateru,Armed Assault,1
Kotwali,Armed Assault,1
Kozhikode,Bombing/Explosion,1
Kuakonda,Bombing/Explosion,1
Kudhwan,Bombing/Explosion,1
Kudler,Facility/Infrastructure Attack,1
Kuitopa,Assassination,1
Kuiva Kazo,Assassination,1
Kukanar,Bombing/Explosion,1
Kukrajhar,Armed Assault,1
Kuku,Armed Assault,1
Kulgam,Bombing/Explosion,2
Kulnung Khunou,Hostage Taking (Kidnapping),1
Kulpora,Assassination,1
Kultali,Assassination,1
Kumbhariput,Armed Assault,3
Kumbhariput,Facility/Infrastructure Attack,1
Kumbi,Bombing/Explosion,2
Kupwara,Armed Assault,2
Kupwara,Bombing/Explosion,2
Kupwara,Facility/Infrastructure Attack,2
Kupwara district,Armed Assault,1
Kurmanur,Assassination,1
Kurri,Bombing/Explosion,1
Kurshipar,Facility/Infrastructure Attack,1
Kurumbatti,Facility/Infrastructure Attack,1
Kurumgarh,Bombing/Explosion,1
Kurushnar,Bombing/Explosion,1
Kushipora,Assassination,1
Kusumaguda,Facility/Infrastructure Attack,1
Kuthegaon,Hostage Taking (Kidnapping),1
Kutumba,Bombing/Explosion,2
Kwatha lamkhai,Bombing/Explosion,1
Laban,Facility/Infrastructure Attack,1
Labdanguri,Hostage Taking (Kidnapping),2
Ladmawreng,Hostage Taking (Kidnapping),1
Laikoiching,Bombing/Explosion,1
Laishram leikai,Bombing/Explosion,1
Lakhari,Armed Assault,1
Lakhimpur,Armed Assault,1
Lakhimpur,Bombing/Explosion,3
Lakhipur,Armed Assault,1
Lakhipur,Bombing/Explosion,1
Lakhipur,Facility/Infrastructure Attack,1
Lakhisarai,Armed Assault,1
Lakhisarai,Bombing/Explosion,1
Lakhisarai district,Bombing/Explosion,1
Lakhpat,Bombing/Explosion,1
Lakkavaram,Armed Assault,1
Lakkavarapupet,Bombing/Explosion,1
Lakshmikantapur,Assassination,1
Lalgarh,Armed Assault,5
Lalgarh,Assassination,1
Lalgarh,Bombing/Explosion,4
Lalgarh,Hostage Taking (Kidnapping),3
Lalgarh,Unarmed Assault,1
Lambari,Armed Assault,1
Lamlai,Bombing/Explosion,3
Lammasingi,Facility/Infrastructure Attack,1
Lamphelpat,Bombing/Explosion,3
Lamshang,Bombing/Explosion,2
langate,Bombing/Explosion,1
Langjing,Bombing/Explosion,1
Langol Games,Armed Assault,1
Langthabal,Bombing/Explosion,1
Langthabal Kunja,Bombing/Explosion,1
Lanji,Bombing/Explosion,1
Lassipora,Armed Assault,1
Lat,Bombing/Explosion,4
Lat,Facility/Infrastructure Attack,3
Latehar,Armed Assault,8
Latehar,Assassination,1
Latehar,Bombing/Explosion,11
Latehar,Facility/Infrastructure Attack,2
Latehar,Hostage Taking (Kidnapping),5
Latehar district,Armed Assault,6
Latehar district,Bombing/Explosion,7
Laudha,Armed Assault,1
Laxmipur,Bombing/Explosion,1
Ledo,Hostage Taking (Kidnapping),1
Lekhepal,Bombing/Explosion,1
Lenjua,Bombing/Explosion,1
Lilong,Bombing/Explosion,2
Lilong Heinoumakhong,Bombing/Explosion,1
Lingapur,Armed Assault,1
Litan,Assassination,1
Litan,Bombing/Explosion,1
Litan,Hostage Taking (Kidnapping),1
Lohardaga,Armed Assault,1
Lohardaga,Bombing/Explosion,1
Lohardaga,Facility/Infrastructure Attack,2
lohardaga,Unarmed Assault,1
Lohardaga district,Armed Assault,1
Lohardaga district,Facility/Infrastructure Attack,1
Lokaichar,Bombing/Explosion,1
Longding district,Armed Assault,1
Longol,Assassination,1
Lucknow,Bombing/Explosion,1
Lumdiengiri,Armed Assault,1
Lumding,Bombing/Explosion,1
Luwangsangbam,Bombing/Explosion,2
Machhakund,Hostage Taking (Kidnapping),1
Machil,Armed Assault,1
Machkund,Assassination,1
Machkund,Bombing/Explosion,1
Madakapodur,Assassination,1
Madded,Bombing/Explosion,1
Madhwapur,Bombing/Explosion,1
Maduaha,Facility/Infrastructure Attack,1
Madurai,Armed Assault,1
Madurai,Bombing/Explosion,6
Madurai,Facility/Infrastructure Attack,1
Madurai,Hostage Taking (Kidnapping),1
Magam,Bombing/Explosion,1
Magurbari,Armed Assault,1
Maharabi,Bombing/Explosion,1
Maharabi lamkhai,Bombing/Explosion,1
Mahasamund,Armed Assault,1
Maheshduba,Bombing/Explosion,1
Mahoba,Bombing/Explosion,1
Mahupadar,Assassination,1
Mahupadar,Hostage Taking (Kidnapping),1
Mahur,Bombing/Explosion,1
Majdia,Bombing/Explosion,1
Majhaulia,Bombing/Explosion,1
Majhowlia,Bombing/Explosion,1
Majuli,Hostage Taking (Kidnapping),1
Makarpur,Armed Assault,1
Makhan,Bombing/Explosion,1
Makra,Armed Assault,1
Malda,Assassination,1
Malda,Bombing/Explosion,1
Malda Kumar Roajapara,Hostage Taking (Kidnapping),1
Malkangiri,Armed Assault,14
Malkangiri,Bombing/Explosion,25
Malkangiri,Facility/Infrastructure Attack,6
Malkangiri,Hostage Taking (Kidnapping),5
Malkangiri district,Armed Assault,3
Malkangiri district,Bombing/Explosion,5
Malkangiri district,Facility/Infrastructure Attack,2
Malkangiri district,Hostage Taking (Kidnapping),2
Malkhed,Bombing/Explosion,1
Malnar,Armed Assault,1
Managiri,Bombing/Explosion,1
Mandu,Hostage Taking (Kidnapping),1
Manewara,Hostage Taking (Kidnapping),1
Mangaldai,Bombing/Explosion,2
Mangalkote,Bombing/Explosion,1
Mangnar,Bombing/Explosion,1
Manhe Mahugaon,Facility/Infrastructure Attack,1
Manja,Hostage Taking (Kidnapping),1
Manjhaul,Bombing/Explosion,1
Manmaru,Armed Assault,2
Mansai,Armed Assault,1
Mantripukhri,Bombing/Explosion,1
Mardapal,Facility/Infrastructure Attack,1
Marenga,Armed Assault,1
Mariani,Hostage Taking (Kidnapping),1
Mariwada,Armed Assault,1
Markatlola,Hostage Taking (Barricade Incident),1
Markegaon,Unarmed Assault,1
Maruthayil,Bombing/Explosion,1
Masangdihi,Armed Assault,1
Masurtoli,Hostage Taking (Kidnapping),1
Matda,Hostage Taking (Kidnapping),1
Mathamangalam,Bombing/Explosion,1
Mathili,Facility/Infrastructure Attack,1
Mathili district,Hostage Taking (Kidnapping),1
Mathiya,Bombing/Explosion,1
Mauzam,Hostage Taking (Kidnapping),1
Mawbon,Armed Assault,1
Mawkyrwat,Facility/Infrastructure Attack,1
Mawlai,Facility/Infrastructure Attack,1
Mayurbhanj,Armed Assault,1
Mayurbhanj,Hostage Taking (Kidnapping),1
Mazbat,Armed Assault,1
Medak's Tellapur,Bombing/Explosion,1
Medartari,Bombing/Explosion,1
Medinipur,Armed Assault,1
Medinipur,Facility/Infrastructure Attack,2
Medinipur,Hostage Taking (Kidnapping),1
Meerapur,Assassination,1
Meerut,Assassination,1
Meerut,Hostage Taking (Kidnapping),1
Melaghar,Bombing/Explosion,1
Menda,Bombing/Explosion,1
Menda,Facility/Infrastructure Attack,1
Mendhar,Bombing/Explosion,1
Mendipathar,Armed Assault,1
Mendipathar,Hostage Taking (Kidnapping),2
Midnapore,Armed Assault,57
Midnapore,Assassination,3
Midnapore,Bombing/Explosion,19
Midnapore,Facility/Infrastructure Attack,14
Midnapore,Hostage Taking (Kidnapping),35
Midnapore,Unarmed Assault,1
Minpa,Armed Assault,2
Mirganj,Facility/Infrastructure Attack,1
Mithapur,Bombing/Explosion,1
Moga Thanda,Bombing/Explosion,1
Mohanpur Misroliya,Facility/Infrastructure Attack,1
Mohara,Armed Assault,1
Mohunpur,Bombing/Explosion,1
Moidangpok,Bombing/Explosion,1
Moirang,Assassination,1
Moirang,Bombing/Explosion,3
Moirang Purel,Assassination,1
Mokkampatti,Bombing/Explosion,1
Mokokchung district,Bombing/Explosion,1
Molandhubi,Armed Assault,1
Mongkot Chepu,Hostage Taking (Kidnapping),1
Moniram lakethe,Armed Assault,1
Monshang,Bombing/Explosion,1
Moran,Armed Assault,1
Moreh,Bombing/Explosion,4
Morena,Bombing/Explosion,1
Moriakichi Bazar,Bombing/Explosion,1
Motihari,Armed Assault,1
Motihari,Bombing/Explosion,1
Motphran,Assassination,1
Mrigi,Bombing/Explosion,1
Muire,Bombing/Explosion,1
Muirei,Bombing/Explosion,1
Mukkali,Facility/Infrastructure Attack,1
Multijhara,Armed Assault,1
Mumbai,Bombing/Explosion,3
Mumbai,Unarmed Assault,1
Mumuri,Bombing/Explosion,1
Munger,Armed Assault,2
Munger,Bombing/Explosion,4
Munger,Facility/Infrastructure Attack,2
Munger,Hostage Taking (Kidnapping),2
Munger district,Bombing/Explosion,1
Muradnagar,Assassination,1
Muramgaon,Hostage Taking (Kidnapping),1
Murhu,Armed Assault,1
Murhu,Bombing/Explosion,1
Murshidabad,Armed Assault,2
Murshidabad,Bombing/Explosion,1
Murtunda,Armed Assault,1
Muzaffarpur,Armed Assault,1
Muzaffarpur,Assassination,2
Muzaffarpur,Bombing/Explosion,5
Muzaffarpur,Facility/Infrastructure Attack,3
Nabadwip,Bombing/Explosion,1
Nabarangpur,Armed Assault,2
Nabha,Bombing/Explosion,1
Nabokgre,Armed Assault,1
Nachou,Bombing/Explosion,1
Nadapuram,Bombing/Explosion,1
Nadgaon district,Bombing/Explosion,1
Nadia district,Assassination,1
Nagaon,Bombing/Explosion,1
Nagaon district,Bombing/Explosion,1
Nagari Malpora,Bombing/Explosion,1
Naharjan,Assassination,1
Naharup,Bombing/Explosion,1
Naid Khai,Bombing/Explosion,1
Naidkhai,Armed Assault,1
Naihati,Bombing/Explosion,1
Najafgarh,Assassination,1
Nakkapalli,Bombing/Explosion,1
Nakodar,Armed Assault,1
Nalbari,Bombing/Explosion,2
Namakkal,Armed Assault,1
Nambol,Bombing/Explosion,2
Namkonda,Hostage Taking (Kidnapping),1
Nampisha,Bombing/Explosion,1
Namtola,Bombing/Explosion,1
Nandhavanappatty,Assassination,1
Narayanpatna,Armed Assault,2
Narayanpur,Armed Assault,9
Narayanpur,Bombing/Explosion,4
Narayanpur,Hostage Taking (Kidnapping),3
Narayanpur district,Armed Assault,2
Narayanpur district,Bombing/Explosion,3
Narayanpur district,Facility/Infrastructure Attack,1
Narbal,Bombing/Explosion,1
Narki,Bombing/Explosion,1
Narnaund,Armed Assault,1
Narotampur,Bombing/Explosion,1
Narsingbari,Armed Assault,1
Nathnagar,Bombing/Explosion,2
Natun Haza,Hostage Taking (Kidnapping),1
Naudeeha Bazaar,Bombing/Explosion,1
Nauni,Hostage Taking (Kidnapping),1
Navakaniya,Hostage Taking (Barricade Incident),1
Navinagar,Hostage Taking (Kidnapping),1
Navkania,Hostage Taking (Kidnapping),1
Nawa Toli,Bombing/Explosion,1
Nawada,Bombing/Explosion,1
Nawada district,Armed Assault,1
Nawada district,Facility/Infrastructure Attack,1
Nawadih,Assassination,1
Nayan Guri,Armed Assault,1
Nayanar,Armed Assault,1
Nehru Park,Armed Assault,1
Nekhavaya,Facility/Infrastructure Attack,1
Nellore,Assassination,1
Nelnar,Bombing/Explosion,1
Neloura,Armed Assault,1
Nengkhra,Bombing/Explosion,1
Nengsawakse,Facility/Infrastructure Attack,1
Nepa,Facility/Infrastructure Attack,1
Nerli,Bombing/Explosion,1
New Delhi,Assassination,1
New Delhi,Bombing/Explosion,5
New Delhi,Facility/Infrastructure Attack,1
Nij Dimou,Bombing/Explosion,1
Noney,Hostage Taking (Kidnapping),1
Nongalbibra,Armed Assault,1
Nongolpara,Hostage Taking (Kidnapping),1
Nongpok Keithelmanbi,Bombing/Explosion,1
Nongren,Bombing/Explosion,2
Noonmati,Bombing/Explosion,2
North Cachar Hills,Armed Assault,2
North Cachar Hills,Bombing/Explosion,4
North Cachar Hills,Facility/Infrastructure Attack,1
Nowgam,Armed Assault,1
Nowgam,Bombing/Explosion,1
Nowpora,Armed Assault,1
Nowpora,Bombing/Explosion,1
Nuaguda,Hostage Taking (Kidnapping),1
Nuapada,Bombing/Explosion,1
Nuapada,Hostage Taking (Kidnapping),1
Numaligarh,Bombing/Explosion,1
Nungba,Bombing/Explosion,1
Odia Pentha,Armed Assault,1
Ompora,Bombing/Explosion,1
Onakkunu,Facility/Infrastructure Attack,1
Oragitok,Armed Assault,2
Oragitok,Hostage Taking (Kidnapping),1
Pachra,Bombing/Explosion,1
Paderu,Facility/Infrastructure Attack,1
Padia,Bombing/Explosion,1
Padmabil,Bombing/Explosion,1
Pahoo,Bombing/Explosion,1
Pakhanjure,Armed Assault,1
Pakherpora,Armed Assault,1
Pakhiriguri,Armed Assault,1
Pakuahat,Armed Assault,1
Palamau,Armed Assault,2
Palamau,Bombing/Explosion,11
Palamau,Facility/Infrastructure Attack,5
Palamau,Hostage Taking (Kidnapping),4
Palamau district,Bombing/Explosion,1
Palamu,Bombing/Explosion,1
Palamu district,Armed Assault,1
Palamu district,Bombing/Explosion,1
Palamu district,Facility/Infrastructure Attack,1
Palamu district,Hostage Taking (Kidnapping),1
Palhalan,Armed Assault,1
Palhalan,Bombing/Explosion,1
Pallel,Bombing/Explosion,2
Palnar,Facility/Infrastructure Attack,1
Pamalwaya,Bombing/Explosion,1
Pamed,Armed Assault,1
Pamed,Bombing/Explosion,1
Pampore,Armed Assault,3
Panasput,Hostage Taking (Kidnapping),1
Panbari,Armed Assault,1
Pancharatna,Bombing/Explosion,1
Panipora,Assassination,1
Panki,Bombing/Explosion,1
Pantimetla,Hostage Taking (Kidnapping),1
Paradip,Bombing/Explosion,1
Parakkadavu,Bombing/Explosion,3
Paralkot,Facility/Infrastructure Attack,1
Parasi,Bombing/Explosion,1
Parganas district,Bombing/Explosion,1
Parnashala,Armed Assault,1
Parsauni,Bombing/Explosion,1
Parsurampara,Armed Assault,1
Parta,Facility/Infrastructure Attack,1
Patamda,Armed Assault,1
Patana,Bombing/Explosion,1
Patgaon,Bombing/Explosion,1
Pathara,Bombing/Explosion,1
Pathgatha,Armed Assault,1
Patna,Bombing/Explosion,11
Patpani,Armed Assault,1
Patrapali,Hostage Taking (Kidnapping),1
Patsoi,Bombing/Explosion,1
Pattam,Assassination,1
Pattan,Armed Assault,1
Pattan,Bombing/Explosion,1
Pattukottai,Bombing/Explosion,1
Patung,Armed Assault,1
Pedaarlagudem,Facility/Infrastructure Attack,1
Pedapadu,Facility/Infrastructure Attack,1
Peeding,Armed Assault,1
Pega,Hostage Taking (Kidnapping),1
Pendajam,Facility/Infrastructure Attack,1
Pendri,Bombing/Explosion,1
Perambalur,Bombing/Explosion,1
Peringome,Bombing/Explosion,1
Perivalli,Hostage Taking (Kidnapping),1
Phaikon,Bombing/Explosion,1
Pheijaton,Bombing/Explosion,1
Phek district,Bombing/Explosion,1
Philobari,Bombing/Explosion,2
Phulbari,Armed Assault,1
Phulwama,Bombing/Explosion,1
Pipili,Armed Assault,1
Pirtand,Armed Assault,1
Podia,Armed Assault,2
Pollampalli,Bombing/Explosion,1
Poonch,Armed Assault,1
Poonch district,Bombing/Explosion,4
Porahita,Bombing/Explosion,1
Posotia,Bombing/Explosion,1
Potamunda,Bombing/Explosion,1
Pottangi,Hostage Taking (Kidnapping),1
Pratappur,Bombing/Explosion,1
Puducherry,Bombing/Explosion,1
Pukhri Mapal,Bombing/Explosion,1
Pulwama,Armed Assault,7
Pulwama,Assassination,1
Pulwama,Bombing/Explosion,3
Pulwama district,Armed Assault,3
Punadih,Hostage Taking (Kidnapping),1
Pune,Assassination,2
Pune,Bombing/Explosion,8
Pungdongbam,Bombing/Explosion,1
Pungera,Bombing/Explosion,1
Puri,Armed Assault,1
Purnapani,Bombing/Explosion,1
Puruliya,Armed Assault,12
Puruliya,Assassination,1
Puruliya,Bombing/Explosion,3
Puruliya,Hostage Taking (Kidnapping),5
Purushottampur,Bombing/Explosion,1
Puthimari Nagaon,Bombing/Explosion,1
Qaimoh,Armed Assault,2
Qazigund,Armed Assault,1
Qazigund,Bombing/Explosion,2
Qoimoh,Assassination,1
Rafiabad,Bombing/Explosion,1
Rai,Armed Assault,1
Raidighi,Armed Assault,1
Rainawari,Armed Assault,1
Raipur,Armed Assault,3
Raipur,Bombing/Explosion,2
Raipur,Hostage Taking (Kidnapping),1
Raj Nandgaon,Armed Assault,6
Raj Nandgaon,Hostage Taking (Kidnapping),2
Rajabagan,Facility/Infrastructure Attack,1
Rajdhanwar,Armed Assault,1
Rajgarh,Bombing/Explosion,1
Rajiv Nagar,Hostage Taking (Kidnapping),1
Rajivnagar,Hostage Taking (Kidnapping),1
Rajnandgaon,Facility/Infrastructure Attack,1
Rajnandgaon district,Bombing/Explosion,1
Rajouri,Armed Assault,1
Rajouri,Assassination,1
Rajouri,Bombing/Explosion,1
Rajouri district,Bombing/Explosion,2
Rajpeta,Bombing/Explosion,1
Rajpora,Armed Assault,1
Rajpur,Armed Assault,1
Ramaguda,Hostage Taking (Kidnapping),1
Ramaram,Armed Assault,1
Ramban,Facility/Infrastructure Attack,1
Ramdapara,Armed Assault,1
Ramgarh,Bombing/Explosion,1
Ramgarh district,Facility/Infrastructure Attack,2
Ramgiri,Bombing/Explosion,1
Ramnathpur,Hostage Taking (Kidnapping),2
Ranbir Singh Pora,Bombing/Explosion,1
Ranbir Singh Pura,Bombing/Explosion,1
Ranchi,Armed Assault,3
Ranchi,Bombing/Explosion,6
Ranchi,Facility/Infrastructure Attack,1
Ranchi,Hostage Taking (Kidnapping),1
Rangamati,Hostage Taking (Kidnapping),1
Rangapara,Bombing/Explosion,1
Rangatari,Hostage Taking (Kidnapping),1
Rangia,Bombing/Explosion,1
Rangkala,Hostage Taking (Kidnapping),1
Rangmai,Armed Assault,1
Rankhalbasti,Hostage Taking (Kidnapping),1
Rasong,Bombing/Explosion,1
Ratanpur,Armed Assault,1
Ratlam,Assassination,1
Ratu,Hostage Taking (Kidnapping),1
Raxaul,Bombing/Explosion,1
Rayagada,Armed Assault,1
Rayagada,Bombing/Explosion,1
Rayagada,Hostage Taking (Kidnapping),3
Rayagada district,Facility/Infrastructure Attack,1
Rengali,Armed Assault,1
Rerwa,Armed Assault,1
Revora,Unarmed Assault,1
Rimrangpara,Armed Assault,1
Rimthiyam,Assassination,1
Ringreygittim,Bombing/Explosion,1
Rohtas,Armed Assault,2
Rohtas,Bombing/Explosion,5
Rohtas,Facility/Infrastructure Attack,1
Rohtas,Hostage Taking (Kidnapping),3
Rongara,Hostage Taking (Kidnapping),1
Rongbong Ghat,Hostage Taking (Kidnapping),1
Rongcheck Akong,Armed Assault,1
Rongdotchi,Assassination,1
Rongge,Hostage Taking (Kidnapping),1
Rongkhon,Bombing/Explosion,1
Rongkhon,Hostage Taking (Kidnapping),1
Rongrakgre,Bombing/Explosion,1
Rongram,Bombing/Explosion,1
Rongrenggiri,Armed Assault,1
Rongrikkimgre,Hostage Taking (Kidnapping),1
Roorkee,Bombing/Explosion,1
Roro,Hostage Taking (Kidnapping),1
Rourkela,Bombing/Explosion,1
Sagolmang Mamang leikai,Bombing/Explosion,1
Saiko,Armed Assault,1
Sajik Tampak,Bombing/Explosion,1
Salbani,Armed Assault,1
Salbani,Bombing/Explosion,3
Salem,Assassination,1
Saloora Ganderbal,Armed Assault,1
Samanda Megapgre,Hostage Taking (Kidnapping),1
Samba,Bombing/Explosion,3
Sambalpur,Facility/Infrastructure Attack,1
Samboora,Armed Assault,1
Samurou,Bombing/Explosion,1
Sanaguchibhata,Armed Assault,1
Sanbalijore,Bombing/Explosion,1
Sandarpuram,Facility/Infrastructure Attack,1
Sandeshkhali,Armed Assault,2
Sandural,Hostage Taking (Kidnapping),1
Sangaiprou Mamang leikai,Bombing/Explosion,1
Sangel,Hostage Taking (Kidnapping),1
Sangli,Facility/Infrastructure Attack,1
Sangrama,Armed Assault,1
Sankrail,Bombing/Explosion,1
Santoshpur,Armed Assault,1
Saraikela,Facility/Infrastructure Attack,1
Saran,Bombing/Explosion,3
Saran,Facility/Infrastructure Attack,2
Saranda area,Bombing/Explosion,1
Sarkanta,Bombing/Explosion,1
Sarkeguda,Bombing/Explosion,1
Sarkubandha,Hostage Taking (Kidnapping),1
Sarnadih,Facility/Infrastructure Attack,1
Sarpanch Para,Bombing/Explosion,1
Sasatgre,Hostage Taking (Kidnapping),2
Satbarwa,Armed Assault,1
Satyanarayanapuram,Bombing/Explosion,1
Saujian,Bombing/Explosion,1
Sawombung,Bombing/Explosion,1
Seeram,Bombing/Explosion,1
Seijang,Bombing/Explosion,1
Sekmai,Bombing/Explosion,1
Senapati,Armed Assault,1
Senapati,Assassination,1
Senapati,Bombing/Explosion,3
Senapati,Facility/Infrastructure Attack,2
Senapati,Hostage Taking (Kidnapping),1
Senapati district,Assassination,1
Senapati district,Bombing/Explosion,1
Senapati district,Hostage Taking (Kidnapping),3
Seraikela Kharsawan,Armed Assault,4
Seraikela Kharsawan,Bombing/Explosion,1
Seraikela Kharsawan,Hostage Taking (Kidnapping),1
Seraikela Kharsawan district,Bombing/Explosion,1
Seraikela-Kharsawan district,Armed Assault,1
Sesaput,Armed Assault,1
Sesela,Hostage Taking (Kidnapping),1
Shamli district,Armed Assault,1
Shanti Nagar,Bombing/Explosion,1
Shantipur Ultapani,Armed Assault,1
Sheohar,Facility/Infrastructure Attack,5
Sheohar,Hostage Taking (Kidnapping),1
Shikaripara,Armed Assault,1
Shillong,Armed Assault,2
Shillong,Bombing/Explosion,2
Shillong,Facility/Infrastructure Attack,3
Shilong,Armed Assault,1
Shopian,Armed Assault,4
Shopian,Assassination,1
Shopian,Bombing/Explosion,1
Shopian district,Armed Assault,3
Shopian district,Bombing/Explosion,2
Shubdani-Newa,Armed Assault,1
Sibbari,Armed Assault,1
Sibida,Hostage Taking (Kidnapping),1
Sibsagar,Bombing/Explosion,3
Sidpahari,Armed Assault,1
Signu,Bombing/Explosion,1
Siju,Bombing/Explosion,1
Sikaripara,Bombing/Explosion,1
Sikarpie,Armed Assault,1
Sikbari,Armed Assault,1
Siladon,Facility/Infrastructure Attack,1
Silakota,Hostage Taking (Kidnapping),2
Silda Bududih,Hostage Taking (Kidnapping),1
Siliguri district,Unarmed Assault,1
Silphori village,Hostage Taking (Kidnapping),1
Simaluguri,Hijacking,1
Simdega,Armed Assault,4
Simdega,Bombing/Explosion,1
Simdega,Facility/Infrastructure Attack,1
Simdega,Hostage Taking (Kidnapping),2
Simdega district,Armed Assault,2
Simdega district,Hostage Taking (Kidnapping),1
Sinapali,Armed Assault,1
Singjamei,Bombing/Explosion,1
Singjamei Naorem leikai,Bombing/Explosion,1
Siriguda,Assassination,1
Sirpur,Armed Assault,1
Sita,Bombing/Explosion,1
Sita Hill,Armed Assault,1
Sita Khunjao,Armed Assault,1
Sitamarhi,Armed Assault,2
Sitamarhi,Facility/Infrastructure Attack,1
Sivasagar,Armed Assault,1
Sivasagar,Bombing/Explosion,1
Somrei,Hostage Taking (Kidnapping),1
Somwarpet,Armed Assault,1
Sonari,Bombing/Explosion,3
Sonarpur,Bombing/Explosion,1
Sonebhadra,Bombing/Explosion,1
Sonebhadra,Hostage Taking (Barricade Incident),1
Soni,Bombing/Explosion,1
Sonitpor,Armed Assault,4
Sonitpor,Hostage Taking (Kidnapping),1
Sonitpur district,Armed Assault,3
Sonitpur district,Hostage Taking (Kidnapping),1
Sonitpur district,Unarmed Assault,4
Sonua,Armed Assault,1
Sopor,Armed Assault,2
Sopore,Armed Assault,11
Sopore,Assassination,2
Sopore,Bombing/Explosion,16
Sopore,Hostage Taking (Kidnapping),2
Soura,Bombing/Explosion,1
South 24 Parganas district,Armed Assault,1
South Garo Hills,Armed Assault,3
South Garo Hills,Hostage Taking (Kidnapping),1
South Garo Hills district,Armed Assault,1
South Garo Hills district,Hostage Taking (Kidnapping),1
South Tripura,Hostage Taking (Kidnapping),1
Srinagar,Armed Assault,17
Srinagar,Assassination,3
Srinagar,Bombing/Explosion,14
Srinagar,Facility/Infrastructure Attack,3
Srinigar,Armed Assault,3
Srinigar,Assassination,1
Srinigar,Bombing/Explosion,1
Srinnagar,Bombing/Explosion,2
Srirampur,Bombing/Explosion,2
Suangphuh,Armed Assault,1
Sudikona,Armed Assault,1
Sugnu,Bombing/Explosion,1
Sukki,Hostage Taking (Kidnapping),1
Sukma,Armed Assault,2
Sukma,Bombing/Explosion,3
Sukma,Facility/Infrastructure Attack,1
Sukma,Hostage Taking (Kidnapping),1
Sukma district,Armed Assault,8
Sukma district,Bombing/Explosion,4
Sukma district,Facility/Infrastructure Attack,1
Sukma district,Hostage Taking (Kidnapping),2
Sulangi,Hostage Taking (Kidnapping),1
Sumandi,Hostage Taking (Kidnapping),1
Sunabeda,Armed Assault,1
Sunabeda,Facility/Infrastructure Attack,1
Sundargarh,Armed Assault,3
Sundargarh,Bombing/Explosion,10
Sundargarh,Facility/Infrastructure Attack,1
Sundargarh,Hostage Taking (Kidnapping),6
Sundargarh district,Facility/Infrastructure Attack,1
Sundarpur,Bombing/Explosion,1
Sunkadamakki,Facility/Infrastructure Attack,1
Sunki,Assassination,1
Sunki,Bombing/Explosion,1
Supalu,Hostage Taking (Kidnapping),1
Surankot,Bombing/Explosion,1
Surguja,Facility/Infrastructure Attack,1
Swangre,Armed Assault,1
T Minou,Bombing/Explosion,1
T. Minou,Bombing/Explosion,1
Tadubi,Assassination,1
Taikhang,Armed Assault,1
Tailyadeeh Mor,Bombing/Explosion,1
Tambda,Armed Assault,1
Tamenglong,Armed Assault,1
Tamenglong,Bombing/Explosion,1
Tamenglong,Facility/Infrastructure Attack,1
Tamenglong,Hostage Taking (Kidnapping),1
Tamenglong district,Armed Assault,1
Tamenglong district,Facility/Infrastructure Attack,1
Tamil Nadu,Bombing/Explosion,1
Tamulpur,Bombing/Explosion,1
Tanda,Armed Assault,1
Tandwa,Armed Assault,1
Tangdhar,Armed Assault,1
Tangdhar,Bombing/Explosion,1
Tanginiguda,Bombing/Explosion,1
Tangmarg,Armed Assault,1
Tankuapada,Hostage Taking (Kidnapping),1
Taper,Bombing/Explosion,1
Tarkundi,Bombing/Explosion,2
Tarkura,Armed Assault,1
Tarzoo Sopore,Hostage Taking (Kidnapping),1
Tebronggre,Bombing/Explosion,1
Tebronggre,Hostage Taking (Kidnapping),1
Tekda Motla,Armed Assault,1
Telibagh,Bombing/Explosion,1
Tellapur,Bombing/Explosion,2
Temelwada,Armed Assault,2
Tengakhat,Bombing/Explosion,1
Teregaon,Armed Assault,1
Thamnapokpi,Bombing/Explosion,2
Thangal Bazar,Bombing/Explosion,1
Thangmeiband,Bombing/Explosion,2
Thanjavur,Facility/Infrastructure Attack,1
Thawaitangkhul,Armed Assault,1
Theni,Bombing/Explosion,1
Thethaitangar,Armed Assault,1
Thingou,Armed Assault,1
Thingtupung,Hostage Taking (Kidnapping),1
Thiruparankundram,Bombing/Explosion,1
Thiruvananthapuram,Armed Assault,1
Thiruvananthapuram,Bombing/Explosion,1
Thondamuthur,Armed Assault,1
Thongju Part II,Bombing/Explosion,1
Thoubal,Armed Assault,1
Thoubal,Assassination,2
Thoubal,Bombing/Explosion,15
Thoubal district,Bombing/Explosion,5
Thouda Bhabok leikai,Bombing/Explosion,1
Thudiyalur,Facility/Infrastructure Attack,1
Tikanpal,Hostage Taking (Kidnapping),1
Tiken Batpora,Assassination,1
Tikler,Bombing/Explosion,1
Tilapara-Bakenang,Hostage Taking (Kidnapping),1
Timmalwada,Armed Assault,1
Timmapur,Bombing/Explosion,1
Tinsukia,Armed Assault,1
Tinsukia,Bombing/Explosion,2
Tinsukia,Hostage Taking (Kidnapping),2
Tippapuram,Hostage Taking (Kidnapping),1
Tirap district,Hostage Taking (Kidnapping),1
Tiruchirappalli,Bombing/Explosion,1
Tiruvallur district,Bombing/Explosion,1
Tiruvannamalai,Facility/Infrastructure Attack,1
Tiskopi,Bombing/Explosion,1
Todgatta,Assassination,1
Todka,Armed Assault,1
Topchanchi,Armed Assault,1
Topchanchi,Bombing/Explosion,1
Torbung,Bombing/Explosion,1
Tousem,Bombing/Explosion,1
Tral,Armed Assault,4
Tral,Assassination,4
Tral,Bombing/Explosion,4
Tral,Unarmed Assault,1
Tronglaobi,Bombing/Explosion,1
Tsunami Nagar,Bombing/Explosion,1
Tuieo,Bombing/Explosion,1
Tuisenphai,Hostage Taking (Kidnapping),1
Tummala,Hostage Taking (Kidnapping),1
Tumnoupokpi,Hostage Taking (Kidnapping),1
Tupul,Armed Assault,1
Tura,Bombing/Explosion,3
Tura,Hostage Taking (Kidnapping),1
Turekela,Facility/Infrastructure Attack,1
Udalguri,Armed Assault,3
Udalguri,Bombing/Explosion,4
Udalguri,Hostage Taking (Kidnapping),1
Udalguri district,Bombing/Explosion,1
Udaygiri,Hostage Taking (Kidnapping),1
Ukhrul,Armed Assault,1
Ukhrul,Assassination,1
Ukhrul,Bombing/Explosion,9
Ukhrul,Facility/Infrastructure Attack,1
Ukhrul,Hostage Taking (Kidnapping),2
Ukhrul district,Armed Assault,1
Ukhrul district,Bombing/Explosion,2
Ultapani,Armed Assault,1
Umaria,Bombing/Explosion,1
Umrangso,Bombing/Explosion,1
Umrangso,Hostage Taking (Kidnapping),1
Umsning,Facility/Infrastructure Attack,1
Unchdih,Hostage Taking (Kidnapping),1
Urahiloga,Unarmed Assault,1
Uri,Armed Assault,1
Uriamghat,Armed Assault,1
Uripok,Bombing/Explosion,1
Usoor,Bombing/Explosion,1
Usri,Hostage Taking (Kidnapping),1
Usuruia,Facility/Infrastructure Attack,1
Uthangudi,Bombing/Explosion,1
Vairagadh,Facility/Infrastructure Attack,1
Vaishali,Facility/Infrastructure Attack,1
Valajangi,Facility/Infrastructure Attack,1
Valakkad,Assassination,1
Varanasi,Bombing/Explosion,1
Vellamunda,Facility/Infrastructure Attack,1
Vellore,Armed Assault,1
Venkatapuram,Armed Assault,1
Villupuram,Bombing/Explosion,1
Virajpet,Assassination,1
Visakhapatnam,Armed Assault,1
Visakhapatnam,Assassination,1
Visakhapatnam,Facility/Infrastructure Attack,6
Visakhapatnam,Hostage Taking (Kidnapping),1
Visakhapatnam,Unarmed Assault,1
Vishakhapatnam,Armed Assault,3
Vishakhapatnam,Bombing/Explosion,2
Vishakhapatnam,Hostage Taking (Kidnapping),1
Vishakhapatnam district,Hostage Taking (Kidnapping),1
Vishnugarh,Armed Assault,1
Vishroo,Assassination,1
Viswema,Hostage Taking (Kidnapping),1
Vitiya,Bombing/Explosion,2
Vyara,Assassination,1
Wabgai leirak,Bombing/Explosion,1
Wadoora,Armed Assault,1
Wageasi,Armed Assault,2
Wageasi,Facility/Infrastructure Attack,1
Wageasi,Hostage Taking (Kidnapping),1
Wangbal,Bombing/Explosion,2
Wangjing,Bombing/Explosion,3
Wangkhem,Bombing/Explosion,1
Wangoi,Bombing/Explosion,3
Wanpoh,Assassination,1
Warangal,Armed Assault,3
Warangal,Facility/Infrastructure Attack,1
Warangal,Hostage Taking (Kidnapping),1
Watargam,Bombing/Explosion,1
Watregittim,Bombing/Explosion,1
Wazirganj,Facility/Infrastructure Attack,1
West Chamaparan,Unarmed Assault,1
West Garo Hills,Bombing/Explosion,1
West Garo Hills,Hostage Taking (Kidnapping),3
West Garo Hills district,Armed Assault,1
West Garo Hills district,Bombing/Explosion,1
West Garo Hills district,Hostage Taking (Kidnapping),4
West Kameng,Hostage Taking (Kidnapping),1
West Mamoroni,Bombing/Explosion,1
West Medinipur district,Armed Assault,1
West Phaileng,Hostage Taking (Kidnapping),1
West Singhbhum,Armed Assault,4
West Singhbhum,Assassination,1
West Singhbhum,Bombing/Explosion,3
West Singhbhum,Facility/Infrastructure Attack,1
West Singhbhum,Hostage Taking (Kidnapping),1
West Singhbhum district,Bombing/Explosion,6
West Singhbhum district,Hostage Taking (Kidnapping),1
William Nagar,Bombing/Explosion,1
Williamnagar,Armed Assault,4
Williamnagar,Bombing/Explosion,3
Williamnagar,Facility/Infrastructure Attack,1
Wokha,Bombing/Explosion,2
Yairipok,Bombing/Explosion,4
Yairipok,Facility/Infrastructure Attack,1
Yaripora Kulgam,Armed Assault,1
Yelamanda,Bombing/Explosion,1
Yelchil,Bombing/Explosion,1
